text,true_label,predicted_label,reason,correct
"no movement , no yuks , not much of anything .",negative,very negative,The words 'no movement' and 'no yuks' directly indicate a lack of activity and dissatisfaction. The overall tone is one of apathy and despondency. The absence of any positive experiences or feelings suggests a negative emotional state.,False
"a gob of drivel so sickly sweet , even the eager consumers of moore 's pasteurized ditties will retch it up like rancid crème brûlée .",very negative,very negative,"The sentence uses highly negative and descriptive language, employing harsh and mocking terms like 'sickly sweet,' 'rancid,' and 'retch,' to convey a strong sense of disgust and disdain. The juxtaposition of these words creates a disturbing and unpleasant tone, clearly indicating a negative sentiment towards the content being described.",True
` how many more voyages can this limping but dearly-loved franchise survive ? ',neutral,very negative,"The sentence expresses a sense of concern and worry about the future of a franchise, highlighting the fragility of the business and a desire for continued existence.",False
so relentlessly wholesome it made me want to swipe something .,neutral,very positive,"The sentence employs the word 'relentlessly', which suggests persistence and a drive to continue an action or activity towards a goal with unwavering intensity.",False
"gangs of new york is an unapologetic mess , whose only saving grace is that it ends by blowing just about everything up .",very negative,very negative,"The sentence uses the word 'unapologetic,' which indicates a defiant and potentially hostile attitude towards its own flaws and mistakes.",True
"we never really feel involved with the story , as all of its ideas remain just that : abstract ideas .",very negative,very negative,"The sentence expresses a sense of detachment and lack of engagement. The words 'never really feel involved', 'just that : abstract ideas,' and the overall tone suggest a feeling of disinterest and a rejection of the story’s content. It indicates a dispassionate or detached viewpoint. Furthermore, the repetition of 'just that : abstract ideas’ emphasizes this feeling of emptiness and lack of connection.",True
this is one of polanski 's best films .,very positive,positive,"The word 'polanski', while a specific director, is used as a descriptor, suggesting positive recognition and admiration of his work, rather than a direct expression of intense feeling.",False
take care of my cat offers a refreshingly different slice of asian cinema .,positive,positive,"The sentence evokes a sense of care and affection, paired with a unique and intriguing aesthetic description ('refreshingly different'). These elements suggest a positive sentiment, particularly regarding the cat and its well being.",True
"acting , particularly by tambor , almost makes `` never again '' worthwhile , but -lrb- writer\/director -rrb- schaeffer should follow his titular advice",negative,very negative,The use of ,False
the movie exists for its soccer action and its fine acting .,positive,very positive,"The sentence is primarily focused on the exciting aspects of the movie - the soccer action and the acting - without explicitly expressing a positive opinion towards it. While there might be some pleasant sentiments attached to the action, the emphasis is on its spectacle rather than the characters or story. The overall tone is focused on observation rather than enthusiastic praise.",False
